,date,load,temperature,humidity,weekday,workday
0,2019/1/1,2557,18.8,73,2,0
1,2019/1/2,1899,18.9,76,3,1
2,2019/1/3,1891,19.3,87,4,1
3,2019/1/4,1811,20.9,84,5,1
4,2019/1/5,1903,22.2,79,6,0
5,2019/1/6,2333,20.1,80,7,0
6,2019/1/7,1800,20.7,80,1,1
7,2019/1/8,1843,21.1,81,2,1
8,2019/1/9,1954,20.9,77,3,1
9,2019/1/10,1847,21.5,80,4,1
10,2019/1/11,1884,22.6,77,5,1
11,2019/1/12,2497,22.3,77,6,0
12,2019/1/13,2398,20.6,75,7,0
13,2019/1/14,1745,20.4,73,1,1
14,2019/1/15,1844,20.4,80,2,1
15,2019/1/16,1849,17.5,87,3,1
16,2019/1/17,1933,16.3,81,4,1
17,2019/1/18,1935,18.4,73,5,1
18,2019/1/19,1954,19.6,76,6,0
19,2019/1/20,2599,20.1,75,7,0
20,2019/1/21,1915,16.6,78,1,1
21,2019/1/22,1921,15,76,2,1
22,2019/1/23,1938,16.4,70,3,1
23,2019/1/24,1872,17.6,72,4,1
24,2019/1/25,1906,17.8,75,5,1
25,2019/1/26,2535,16.7,62,6,0
26,2019/1/27,2092,16.8,62,7,0
27,2019/1/28,1806,17.4,72,1,1
28,2019/1/29,1832,18.3,73,2,1
29,2019/1/30,1810,20.6,66,3,1
30,2019/1/31,1890,22.4,58,4,1
31,2019/2/1,2148,17.1,69,5,1
32,2019/2/2,2241,18.8,75,6,0
33,2019/2/3,2038,21.8,77,7,0
34,2019/2/4,2563,21.3,77,1,0
35,2019/2/5,2333,20.1,77,2,0
36,2019/2/6,2322,21.6,74,3,0
37,2019/2/7,2107,23.2,69,4,0
38,2019/2/8,3115,19.9,72,5,0
39,2019/2/9,3136,19.2,74,6,0
40,2019/2/10,3023,19,74,7,0
41,2019/2/11,2275,18.9,73,1,1
42,2019/2/12,1860,20.4,75,2,1
43,2019/2/13,1915,21.6,75,3,1
44,2019/2/14,1943,21.8,73,4,1
45,2019/2/15,1959,22.6,72,5,1
46,2019/2/16,2426,21.2,74,6,0
47,2019/2/17,2673,19.3,73,7,0
48,2019/2/18,1762,20.7,77,1,1
49,2019/2/19,1891,22.6,76,2,1
50,2019/2/20,1838,23.3,80,3,1
51,2019/2/21,1813,22.1,81,4,1
52,2019/2/22,1870,20.3,78,5,1
53,2019/2/23,1729,17.4,71,6,0
54,2019/2/24,1770,16.5,88,7,0
55,2019/2/25,1754,19.8,77,1,1
56,2019/2/26,1818,20.3,76,2,1
57,2019/2/27,1903,21.8,72,3,1
58,2019/2/28,2430,22.2,74,4,0
59,2019/3/1,2371,21.3,76,5,0
60,2019/3/2,1833,22.9,76,6,0
61,2019/3/3,2224,20.2,85,7,0
62,2019/3/4,1895,20.8,73,1,1
63,2019/3/5,1954,20.7,77,2,1
64,2019/3/6,1922,19.9,85,3,1
65,2019/3/7,1868,14.7,92,4,1
66,2019/3/8,1816,15.4,92,5,1
67,2019/3/9,2191,18.4,96,6,0
68,2019/3/10,1823,19.1,88,7,0
69,2019/3/11,1794,18.3,81,1,1
70,2019/3/12,1879,20.7,68,2,1
71,2019/3/13,1923,21.9,66,3,1
72,2019/3/14,1780,21.2,72,4,1
73,2019/3/15,1928,18.4,70,5,1
74,2019/3/16,2518,20.9,68,6,0
75,2019/3/17,2290,21.2,74,7,0
76,2019/3/18,1755,21.6,80,1,1
77,2019/3/19,1805,23.5,74,2,1
78,2019/3/20,1844,24.7,78,3,1
79,2019/3/21,1967,25.9,75,4,1
80,2019/3/22,2341,23.8,78,5,1
81,2019/3/23,2084,18.4,78,6,0
82,2019/3/24,1859,17.5,89,7,0
83,2019/3/25,1853,19.5,93,1,1
84,2019/3/26,1887,21.5,79,2,1
85,2019/3/27,1933,23.7,75,3,1
86,2019/3/28,1892,25.4,77,4,1
87,2019/3/29,2055,24.6,80,5,1
88,2019/3/30,2155,23.4,78,6,0
89,2019/3/31,2297,23.1,71,7,0
90,2019/4/1,1930,18,87,1,1
91,2019/4/2,1915,20.7,86,2,1
92,2019/4/3,1905,21.4,84,3,1
93,2019/4/4,2340,22.1,85,4,0
94,2019/4/5,1872,23.2,82,5,0
95,2019/4/6,1683,24,80,6,0
96,2019/4/7,1778,25,77,7,0
97,2019/4/8,1969,25.8,75,1,1
98,2019/4/9,1964,26.7,77,2,1
99,2019/4/10,2154,27,76,3,1
100,2019/4/11,2079,24.1,79,4,1
101,2019/4/12,2018,22.2,74,5,1
102,2019/4/13,1760,22.5,85,6,0
103,2019/4/14,2528,24.7,77,7,0
104,2019/4/15,1986,21.8,78,1,1
105,2019/4/16,1877,20.5,95,2,1
106,2019/4/17,2050,24.2,77,3,1
107,2019/4/18,2000.3,25.5,74,4,1
108,2019/4/19,1920,23.4,87,5,1
109,2019/4/20,1877,25.1,83,6,0
110,2019/4/21,2298,24.4,92,7,0
111,2019/4/22,1993,26.9,83,1,1
112,2019/4/23,2026,28.1,74,2,1
113,2019/4/24,2003,27.9,75,3,1
114,2019/4/25,2290,28.1,69,4,1
115,2019/4/26,2250.2,27.4,71,5,1
116,2019/4/27,1993,27.2,75,6,0
117,2019/4/28,1740,26.8,76,7,0
118,2019/4/29,2211,27.7,73,1,1
119,2019/4/30,2210,27.8,73,2,1
120,2019/5/1,3093,23.1,84,3,0
121,2019/5/2,2683,21,88,4,1
122,2019/5/3,3316,22.7,79,5,1
123,2019/5/4,3119,25.1,75,6,0
124,2019/5/5,2255,24.4,77,7,0
125,2019/5/6,2404,21.3,94,1,1
126,2019/5/7,2609,20.4,88,2,1
127,2019/5/8,2140,22.4,88,3,1
128,2019/5/9,2212,23.6,88,4,1
129,2019/5/10,2608,25.2,85,5,1
130,2019/5/11,2837,26.6,79,6,0
131,2019/5/12,2709,27.7,77,7,0
132,2019/5/13,2311,28.2,72,1,1
133,2019/5/14,2131,28.4,74,2,1
134,2019/5/15,2253,28.8,77,3,1
135,2019/5/16,2432,27,85,4,1
136,2019/5/17,2546,26.8,87,5,1
137,2019/5/18,2591,26.7,93,6,0
138,2019/5/19,2127,26.8,91,7,0
139,2019/5/20,3347,24.8,91,1,1
140,2019/5/21,3887,23.7,82,2,1
141,2019/5/22,4554,24.7,82,3,1
142,2019/5/23,4712,23.4,89,4,1
143,2019/5/24,3575,26.9,79,5,1
144,2019/5/25,3984,27.5,75,6,0
145,2019/5/26,3789,27.9,76,7,0
146,2019/5/27,2706,27.3,83,1,1
147,2019/5/28,3169,25.8,86,2,1
148,2019/5/29,5905,24.7,76,3,1
149,2019/5/30,4367,26.8,75,4,1
150,2019/5/31,4515,28.6,75,5,1
151,2019/6/1,4042,28,81,6,0
152,2019/6/2,3632,28.8,78,7,0
153,2019/6/3,4540,28.6,72,1,1
154,2019/6/4,4546,25.9,84,2,1
155,2019/6/5,4029,28,77,3,1
156,2019/6/6,3785,29.1,72,4,1
157,2019/6/7,4702,29.1,70,5,0
158,2019/6/8,3310,29.1,72,6,0
159,2019/6/9,4082,29.9,68,7,0
160,2019/6/10,4147,27.4,80,1,1
161,2019/6/11,4215,25.4,93,2,1
162,2019/6/12,5418,24.3,97,3,1
163,2019/6/13,3593,26.6,92,4,1
164,2019/6/14,4895,25.9,86,5,1
165,2019/6/15,5436,27.9,67,6,0
166,2019/6/16,4962,27.6,76,7,0
167,2019/6/17,3765,27.6,85,1,1
168,2019/6/18,3257,29.2,79,2,1
169,2019/6/19,3657,30.3,72,3,1
170,2019/6/20,3703,30,76,4,1
171,2019/6/21,4080,30.2,71,5,1
172,2019/6/22,4190,30.5,68,6,0
173,2019/6/23,4744,27.4,83,7,0
174,2019/6/24,5416,24.9,93,1,1
175,2019/6/25,3514,27.6,76,2,1
176,2019/6/26,4112,27.8,77,3,1
177,2019/6/27,4175,28.7,78,4,1
178,2019/6/28,3567,30.1,77,5,1
179,2019/6/29,3602,30.2,76,6,0
180,2019/6/30,3439,28.7,83,7,0
181,2019/7/1,3634,29.6,79,1,1
182,2019/7/2,4883,30,74,2,1
183,2019/7/3,4753,27.7,83,3,1
184,2019/7/4,4895,29.3,74,4,1
185,2019/7/5,5714,29,73,5,1
186,2019/7/6,4435,27.6,82,6,0
187,2019/7/7,4313,30,74,7,0
188,2019/7/8,4455,30.3,73,1,1
189,2019/7/9,4166,29.1,76,2,1
190,2019/7/10,3897,28.8,79,3,1
191,2019/7/11,4155,27.9,87,4,1
192,2019/7/12,4332,29.9,75,5,1
193,2019/7/13,5138,30.2,73,6,0
194,2019/7/14,3257,30.2,80,7,0
195,2019/7/15,3637,30.7,79,1,1
196,2019/7/16,3224,30.7,78,2,1
197,2019/7/17,3770,31.8,74,3,1
198,2019/7/18,4080,28.8,87,4,1
199,2019/7/19,4510,28.9,85,5,1
200,2019/7/20,6218,28.9,78,6,0
201,2019/7/21,5390,29.2,76,7,0
202,2019/7/22,5758,29,74,1,1
203,2019/7/23,4766,27.9,81,2,1
204,2019/7/24,5038,28.9,79,3,1
205,2019/7/25,4636,29.7,76,4,1
206,2019/7/26,3897,30,75,5,1
207,2019/7/27,5346,27.6,82,6,0
208,2019/7/28,5714,28.3,83,7,0
209,2019/7/29,4924,29.9,82,1,1
210,2019/7/30,4067,30.5,82,2,1
211,2019/7/31,3729,29.8,84,3,1
212,2019/8/1,4042,28.3,83,4,1
213,2019/8/2,5035,27.3,87,5,1
214,2019/8/3,5875,28.6,81,6,0
215,2019/8/4,3818,29.7,82,7,0
216,2019/8/5,3928,29.8,81,1,1
217,2019/8/6,4771,30,77,2,1
218,2019/8/7,4719,30.4,77,3,1
219,2019/8/8,4317,29.1,86,4,1
220,2019/8/9,6977,27.4,90,5,1
221,2019/8/10,4571,29.8,87,6,0
222,2019/8/11,4187,28.7,91,7,0
223,2019/8/12,5793,26.5,96,1,1
224,2019/8/13,4752,26.9,92,2,1
225,2019/8/14,4064,29.3,83,3,1
226,2019/8/15,6355,26.7,91,4,1
227,2019/8/16,6048,27.1,90,5,1
228,2019/8/17,6655,26.2,95,6,0
229,2019/8/18,6143,26.4,93,7,0
230,2019/8/19,6376,25.9,94,1,1
231,2019/8/20,6269,26.5,91,2,1
232,2019/8/21,6430,27.2,89,3,1
233,2019/8/22,4824,28.6,84,4,1
234,2019/8/23,4868,29.9,81,5,1
235,2019/8/24,6973,28.9,80,6,0
236,2019/8/25,5462,28.5,82,7,0
237,2019/8/26,5354,28.6,82,1,1
238,2019/8/27,4692,28.8,82,2,1
239,2019/8/28,4094,30.4,75,3,1
240,2019/8/29,4056,29.9,84,4,1
241,2019/8/30,5615,28.3,86,5,1
242,2019/8/31,4767,29.4,80,6,0
243,2019/9/1,4982,28,87,7,0
244,2019/9/2,4606,28.9,80,1,1
245,2019/9/3,4581,29.2,83,2,1
246,2019/9/4,5419,26.6,92,3,1
247,2019/9/5,5876,26.5,90,4,1
248,2019/9/6,5085,27.9,84,5,1
249,2019/9/7,4894,28.3,82,6,0
250,2019/9/8,4192,28.4,80,7,0
251,2019/9/9,4961,28.8,75,1,1
252,2019/9/10,4148,29.2,79,2,1
253,2019/9/11,4575,29.3,83,3,1
254,2019/9/12,4625,29.6,83,4,1
255,2019/9/13,4824,29.2,81,5,0
256,2019/9/14,4394,29.5,78,6,0
257,2019/9/15,5387,28.4,83,7,0
258,2019/9/16,6025,28.1,84,1,1
259,2019/9/17,5975,28.1,77,2,1
260,2019/9/18,6042,28.2,70,3,1
261,2019/9/19,6893,27.1,64,4,1
262,2019/9/20,6345,25.7,71,5,1
263,2019/9/21,5612,24.6,73,6,0
264,2019/9/22,5421,26.2,71,7,0
265,2019/9/23,6619,26.5,65,1,1
266,2019/9/24,6616,26.1,70,2,1
267,2019/9/25,5679,26.2,70,3,1
268,2019/9/26,5659,26.6,77,4,1
269,2019/9/27,6244,27.6,78,5,1
270,2019/9/28,4852,28,79,6,0
271,2019/9/29,4315,27.9,80,7,0
272,2019/9/30,7657,27,78,1,1
273,2019/10/1,4532,26.5,79,2,1
274,2019/10/2,4077,28.1,73,3,1
275,2019/10/3,3807,28.4,77,4,1
276,2019/10/4,4421,27.7,80,5,1
277,2019/10/5,4561,27.8,79,6,0
278,2019/10/6,3789,28.3,77,7,0
279,2019/10/7,3702,28,77,1,1
280,2019/10/8,4351,27.7,75,2,1
281,2019/10/9,4701,27.9,73,3,1
282,2019/10/10,4405,27.1,74,4,0
283,2019/10/11,4490,27.2,76,5,0
284,2019/10/12,4742,27.4,76,6,0
285,2019/10/13,5432,27.3,71,7,0
286,2019/10/14,5091,26.1,64,1,1
287,2019/10/15,5085,25.5,61,2,1
288,2019/10/16,3984,25,70,3,1
289,2019/10/17,4582,25.4,66,4,1
290,2019/10/18,4810,25.1,59,5,1
291,2019/10/19,4788,24.4,67,6,0
292,2019/10/20,4420,24.3,64,7,0
293,2019/10/21,4274,24.4,66,1,1
294,2019/10/22,3803,24.7,66,2,1
295,2019/10/23,3779,25,67,3,1
296,2019/10/24,3829,25.3,66,4,1
297,2019/10/25,4120,25.2,66,5,1
298,2019/10/26,3101,24.9,69,6,0
299,2019/10/27,2762,24.7,72,7,0
300,2019/10/28,4053,24.6,77,1,1
301,2019/10/29,4616,23.6,74,2,1
302,2019/10/30,3666,25.2,70,3,1
303,2019/10/31,3639,25.3,77,4,1
304,2019/11/1,3930,26,75,5,1
305,2019/11/2,3378,25.3,75,6,0
306,2019/11/3,3420,24.7,75,7,0
307,2019/11/4,3455,23.8,66,1,1
308,2019/11/5,3769,24,64,2,1
309,2019/11/6,3344,24,66,3,1
310,2019/11/7,3752,23.7,66,4,1
311,2019/11/8,4741,23.4,59,5,1
312,2019/11/9,3709,22.3,60,6,0
313,2019/11/10,3032,21.9,67,7,0
314,2019/11/11,3607,22.3,66,1,1
315,2019/11/12,3592,22.7,65,2,1
316,2019/11/13,3300,22.8,68,3,1
317,2019/11/14,3823,22,63,4,1
318,2019/11/15,3150,22.5,66,5,1
319,2019/11/16,3200,22.5,72,6,0
320,2019/11/17,2590,23.7,69,7,0
321,2019/11/18,3037,23,69,1,1
322,2019/11/19,3337,20.6,65,2,1
323,2019/11/20,3347,21.7,64,3,1
324,2019/11/21,2996,21.9,75,4,1
325,2019/11/22,2970,24.4,74,5,1
326,2019/11/23,2695,23.3,83,6,0
327,2019/11/24,3190,24.5,75,7,0
328,2019/11/25,2969,23.7,71,1,1
329,2019/11/26,3312,23.3,67,2,1
330,2019/11/27,3565,22.8,73,3,1
331,2019/11/28,3418,20.4,68,4,1
332,2019/11/29,3392,20.9,59,5,1
333,2019/11/30,3004,21.4,72,6,0
334,2019/12/1,3425,22.5,70,7,0
335,2019/12/2,3462,18.3,66,1,1
336,2019/12/3,3150,17.6,57,2,1
337,2019/12/4,3053,18.2,62,3,1
338,2019/12/5,3022,15.4,88,4,1
339,2019/12/6,3414,15.5,89,5,1
340,2019/12/7,2901,16,69,6,0
341,2019/12/8,2956,17.2,58,7,0
342,2019/12/9,3205,16.7,72,1,1
343,2019/12/10,3146,18.5,73,2,1
344,2019/12/11,3202,18.7,74,3,1
345,2019/12/12,2998,19,71,4,1
346,2019/12/13,3154,18.8,78,5,1
347,2019/12/14,3035,20,74,6,0
348,2019/12/15,2812,20.6,75,7,0
349,2019/12/16,3039,20.7,78,1,1
350,2019/12/17,3189,22.2,72,2,1
351,2019/12/18,3254,21.5,79,3,1
352,2019/12/19,3107,20.2,80,4,1
353,2019/12/20,3146,20.2,75,5,1
354,2019/12/21,2815,20.5,81,6,0
355,2019/12/22,2747,20.9,82,7,0
356,2019/12/23,3330,20.4,79,1,1
357,2019/12/24,3284,20.4,81,2,1
358,2019/12/25,3606,21.3,76,3,1
359,2019/12/26,3263,21.7,72,4,1
360,2019/12/27,3206,17.9,67,5,1
361,2019/12/28,3153,19.7,73,6,0
362,2019/12/29,2899,18.6,94,7,0
363,2019/12/30,3143,19.5,93,1,1
364,2019/12/31,3108,18.3,78,2,1
365,2020/1/1,2790,17.3,79,3,0
366,2020/1/2,3080,18.2,82,4,1
367,2020/1/3,3384,18.7,83,5,1
368,2020/1/4,3636,19.3,84,6,0
369,2020/1/5,2695,19.8,83,7,0
370,2020/1/6,3009,20,83,1,1
371,2020/1/7,3104,20.4,77,2,1
372,2020/1/8,3235,19.5,73,3,1
373,2020/1/9,3131,19.1,76,4,1
374,2020/1/10,3298,19.3,81,5,1
375,2020/1/11,3851,19.1,82,6,0
376,2020/1/12,3091,17,76,7,0
377,2020/1/13,3157,17.1,75,1,1
378,2020/1/14,3412,18.4,74,2,1
379,2020/1/15,3386,17.8,78,3,1
380,2020/1/16,3005,19.1,75,4,1
381,2020/1/17,3399,17.3,76,5,1
382,2020/1/18,3160,16.2,71,6,0
383,2020/1/19,3334,16.9,76,7,0
384,2020/1/20,3183,17.2,75,1,1
385,2020/1/21,3259,17.9,74,2,1
386,2020/1/22,3887,20.9,71,3,1
387,2020/1/23,3344,22.5,72,4,0
388,2020/1/24,3483,21.3,80,5,0
389,2020/1/25,3551,20.7,79,6,0
390,2020/1/26,3528,17.8,90,7,0
391,2020/1/27,3704,16.6,77,1,0
392,2020/1/28,3653,14.6,76,2,0
393,2020/1/29,3304,13.5,69,3,0
394,2020/1/30,2991,12.6,55,4,1
395,2020/1/31,3361,13,59,5,1
396,2020/2/1,3890,14.4,77,6,0
397,2020/2/2,3247,16.4,76,7,0
398,2020/2/3,4088,17.5,78,1,1
399,2020/2/4,3302,16.8,88,2,1
400,2020/2/5,3643,17.7,77,3,1
401,2020/2/6,3347,18.3,79,4,1
402,2020/2/7,3767,17.9,78,5,1
403,2020/2/8,3660,17,73,6,0
404,2020/2/9,3084,16.1,73,7,0
405,2020/2/10,3146,17.7,71,1,1
406,2020/2/11,3219,19.2,76,2,1
407,2020/2/12,3348,21.9,65,3,1
408,2020/2/13,3246,22.6,69,4,1
409,2020/2/14,3123,22.7,69,5,1
410,2020/2/15,2996,23.8,75,6,0
411,2020/2/16,3985,16.7,79,7,0
412,2020/2/17,3744,13.1,54,1,1
413,2020/2/18,4249,14.9,48,2,1
414,2020/2/19,3564,16,67,3,1
415,2020/2/20,3132,17.8,71,4,1
416,2020/2/21,3138,18.2,75,5,1
417,2020/2/22,3674,19.5,70,6,0
418,2020/2/23,3739,20.6,68,7,0
419,2020/2/24,3010,20.8,77,1,1
420,2020/2/25,3124,23,68,2,1
421,2020/2/26,3167,23.5,69,3,1
422,2020/2/27,4253,21.8,72,4,1
423,2020/2/28,3286,21.7,76,5,0
424,2020/2/29,2806,23.4,69,6,0
425,2020/3/1,3321,23.3,73,7,0
426,2020/3/2,3295,20.9,66,1,1
427,2020/3/3,3106,21.9,65,2,1
428,2020/3/4,3758,21.1,70,3,1
429,2020/3/5,3518,16.8,78,4,1
430,2020/3/6,3179,20.1,73,5,1
431,2020/3/7,3712,23.3,71,6,0
432,2020/3/8,3379,23,76,7,0
433,2020/3/9,3209,25.6,72,1,1
434,2020/3/10,3931,21,76,2,1
435,2020/3/11,3255,20,62,3,1
436,2020/3/12,3002,21.8,71,4,1
437,2020/3/13,3098,22.9,77,5,1
438,2020/3/14,3826,17.9,76,6,0
439,2020/3/15,3493,18.9,59,7,0
440,2020/3/16,4820,20.5,62,1,1
441,2020/3/17,4143,21.7,62,2,1
442,2020/3/18,4153,21.8,70,3,1
443,2020/3/19,3085,22.2,76,4,1
444,2020/3/20,3700,22.8,74,5,1
445,2020/3/21,3020,24.2,70,6,0
446,2020/3/22,3086,25.8,67,7,0
447,2020/3/23,3771,24.9,70,1,1
448,2020/3/24,4125,23.9,71,2,1
449,2020/3/25,3577,24.7,74,3,1
450,2020/3/26,3187,26.6,67,4,1
451,2020/3/27,3264,26.7,68,5,1
452,2020/3/28,4066,21.7,72,6,0
453,2020/3/29,3489,20.6,66,7,0
454,2020/3/30,3508,22.1,72,1,1
455,2020/3/31,3322,24,71,2,1
456,2020/4/1,4095,21.9,69,3,1
457,2020/4/2,4108,20.6,73,4,0
458,2020/4/3,3749,21.4,74,5,0
459,2020/4/4,4414,20.5,69,6,0
460,2020/4/5,4249,18.5,73,7,0
461,2020/4/6,4054,18.2,85,1,1
462,2020/4/7,4037,19.1,81,2,1
463,2020/4/8,3364,20.9,75,3,1
464,2020/4/9,3678,22.6,67,4,1
465,2020/4/10,4650,23.8,64,5,1
466,2020/4/11,3179,21.8,73,6,0
467,2020/4/12,2809,18.8,64,7,0
468,2020/4/13,3328,18.3,40,1,1
469,2020/4/14,3563,20.2,57,2,1
470,2020/4/15,3497,22.3,60,3,1
471,2020/4/16,3144,22.5,61,4,1
472,2020/4/17,3609,23.4,62,5,1
473,2020/4/18,3489,25.7,66,6,0
474,2020/4/19,3028,26.8,72,7,0
475,2020/4/20,4091,26.9,68,1,1
476,2020/4/21,4376,24.7,79,2,1
477,2020/4/22,4031,22.3,73,3,1
478,2020/4/23,3948,20.2,82,4,1
479,2020/4/24,3948,18.4,85,5,1
480,2020/4/25,3166,22.2,79,6,0
481,2020/4/26,3120,23.3,72,7,0
482,2020/4/27,3810,23.7,72,1,1
483,2020/4/28,4687,24.8,68,2,1
484,2020/4/29,3346,25.1,69,3,1
485,2020/4/30,4864,25.9,62,4,1
486,2020/5/1,3512,27,56,5,1
487,2020/5/2,3414,27.8,62,6,0
488,2020/5/3,2967,28.2,70,7,0
489,2020/5/4,3476,28.7,71,1,1
490,2020/5/5,3400,29.1,70,2,1
491,2020/5/6,3426,29.5,66,3,1
492,2020/5/7,3736,29.3,67,4,1
493,2020/5/8,3414,29.6,68,5,1
494,2020/5/9,3823,29.9,67,6,0
495,2020/5/10,3015,29.6,69,7,0
496,2020/5/11,3350,28.9,71,1,1
497,2020/5/12,3766,26.5,77,2,1
498,2020/5/13,4199,28.3,69,3,1
499,2020/5/14,3382,28.5,66,4,1
500,2020/5/15,3622,29.1,67,5,1
501,2020/5/16,3947,27.6,77,6,0
502,2020/5/17,4241,28,72,7,0
503,2020/5/18,4085,26.4,78,1,1
504,2020/5/19,4626,23.8,87,2,1
505,2020/5/20,4951,25.9,79,3,1
506,2020/5/21,3983,25.2,84,4,1
507,2020/5/22,3675,24.4,93,5,1
508,2020/5/23,4061,25.2,88,6,0
509,2020/5/24,4289,27.7,77,7,0
510,2020/5/25,3942,28.4,71,1,1
511,2020/5/26,3563,26.5,82,2,1
512,2020/5/27,4932,25.1,91,3,1
513,2020/5/28,5261,25.6,89,4,1
514,2020/5/29,4098,26.4,84,5,1
515,2020/5/30,4186,27.9,77,6,0
516,2020/5/31,3430,28.8,74,7,0
517,2020/6/1,3633,29.4,71,1,1
518,2020/6/2,4071,29.2,70,2,1
519,2020/6/3,4163,29.5,65,3,1
520,2020/6/4,3754,29.7,64,4,1
521,2020/6/5,3682,29.9,63,5,1
522,2020/6/6,4240,29.1,66,6,0
523,2020/6/7,4535,27.6,68,7,0
524,2020/6/8,4580,25.2,78,1,1
525,2020/6/9,4515,25.3,85,2,1
526,2020/6/10,4367,27.6,79,3,1
527,2020/6/11,3986,28.9,75,4,1
528,2020/6/12,3586,29.5,75,5,1
529,2020/6/13,3764,29.7,74,6,0
530,2020/6/14,4572,27.8,77,7,0
531,2020/6/15,5033,28.6,74,1,1
532,2020/6/16,4022,29.2,69,2,1
533,2020/6/17,3975,29.4,69,3,1
534,2020/6/18,4191,29.6,67,4,1
535,2020/6/19,3862,29.8,66,5,1
536,2020/6/20,3675,29.9,68,6,0
537,2020/6/21,3484,29.3,69,7,0
538,2020/6/22,3849,29.8,67,1,1
539,2020/6/23,3768,30.3,66,2,1
540,2020/6/24,4086,30,68,3,1
541,2020/6/25,3379,30.5,65,4,0
542,2020/6/26,3907,28.1,70,5,0
543,2020/6/27,3620,29.1,67,6,0
544,2020/6/28,3412,30.2,64,7,0
545,2020/6/29,4013,30.7,64,1,1
546,2020/6/30,4646,30.3,66,2,1
547,2020/7/1,4029,28.7,70,3,1
548,2020/7/2,4458,27.4,74,4,1
549,2020/7/3,4131,27.6,82,5,1
550,2020/7/4,4287,28.9,78,6,0
551,2020/7/5,3475,29.9,73,7,0
552,2020/7/6,5016,29.5,72,1,1
553,2020/7/7,4610,30.2,69,2,1
554,2020/7/8,4315,30.3,70,3,1
555,2020/7/9,4367,30.2,68,4,1
556,2020/7/10,4379,29.8,67,5,1
557,2020/7/11,3671,30.2,66,6,0
558,2020/7/12,3518,30.3,69,7,0
559,2020/7/13,3974,31.2,74,1,1
560,2020/7/14,3924,30.9,75,2,1
561,2020/7/15,4210,29.7,78,3,1
562,2020/7/16,5085,28.6,77,4,1
563,2020/7/17,4256,29.3,78,5,1
564,2020/7/18,4321,30.8,73,6,0
565,2020/7/19,4128,30,73,7,0
566,2020/7/20,4268,28.9,75,1,1
567,2020/7/21,5133,29.2,75,2,1
568,2020/7/22,4266,30.2,76,3,1
569,2020/7/23,3848,30.1,75,4,1
570,2020/7/24,4129,30.5,73,5,1
571,2020/7/25,4697,30.4,73,6,0
572,2020/7/26,4718,29.5,73,7,0
573,2020/7/27,4565,28.9,73,1,1
574,2020/7/28,4530,28,79,2,1
575,2020/7/29,4845,28.4,78,3,1
576,2020/7/30,5460,29.2,78,4,1
577,2020/7/31,4138,31,69,5,1
578,2020/8/1,4121,28.9,75,6,0
579,2020/8/2,3810,29.1,75,7,0
580,2020/8/3,4898,25.8,85,1,1
581,2020/8/4,4353,27.4,77,2,1
582,2020/8/5,4387,29,73,3,1
583,2020/8/6,3853,30.3,68,4,1
584,2020/8/7,3860,29.9,72,5,1
585,2020/8/8,3871,29.9,73,6,0
586,2020/8/9,3187,29.5,73,7,0
587,2020/8/10,3726,28.4,78,1,1
588,2020/8/11,4384,26.9,82,2,1
589,2020/8/12,4270,27.2,78,3,1
590,2020/8/13,4651,28.6,73,4,1
591,2020/8/14,5022,28.8,70,5,1
592,2020/8/15,4941,26.5,80,6,0
593,2020/8/16,4622,27.8,76,7,0
594,2020/8/17,4585,28.7,73,1,1
595,2020/8/18,4236,28.1,76,2,1
596,2020/8/19,3869,28.9,74,3,1
597,2020/8/20,4384,28.9,74,4,1
598,2020/8/21,3862,29.6,73,5,1
599,2020/8/22,3398,28.1,77,6,0
600,2020/8/23,3297,28.3,76,7,0
601,2020/8/24,3695,29.5,71,1,1
602,2020/8/25,3812,30.2,70,2,1
603,2020/8/26,3796,27.9,74,3,1
604,2020/8/27,4545,27.3,77,4,1
605,2020/8/28,4272,27.5,78,5,1
606,2020/8/29,4174,28.7,74,6,0
607,2020/8/30,4086,29.3,76,7,0
608,2020/8/31,4719,28.6,74,1,1
609,2020/9/1,4478,28.8,72,2,1
610,2020/9/2,3868,29.9,70,3,1
611,2020/9/3,4811,27.7,77,4,1
612,2020/9/4,4870,28.7,75,5,1
613,2020/9/5,3922,28.6,70,6,0
614,2020/9/6,3873,27.6,60,7,0
615,2020/9/7,4362,28,62,1,1
616,2020/9/8,4155,29.1,66,2,1
617,2020/9/9,4176,28.9,69,3,1
618,2020/9/10,4255,28.5,72,4,1
619,2020/9/11,4084,28.5,71,5,1
620,2020/9/12,3383,28,75,6,0
621,2020/9/13,3024,27,79,7,0
622,2020/9/14,3718,28.6,76,1,1
623,2020/9/15,3725,28.9,75,2,1
624,2020/9/16,3733,29.5,71,3,1
625,2020/9/17,3724,29.5,71,4,1
626,2020/9/18,3729,30,70,5,1
627,2020/9/19,3317,29,72,6,0
628,2020/9/20,3885,29.1,72,7,0
629,2020/9/21,4562,28.9,68,1,1
630,2020/9/22,5125,28.1,67,2,1
631,2020/9/23,4772,28,70,3,1
632,2020/9/24,5434,27.6,71,4,1
633,2020/9/25,5274,26.7,68,5,1
634,2020/9/26,4547,27,69,6,0
635,2020/9/27,4489,25.6,73,7,0
636,2020/9/28,4555,25.2,79,1,1
637,2020/9/29,4259,27.1,72,2,1
638,2020/9/30,5285,25.7,70,3,1
639,2020/10/1,4645,27,66,4,0
640,2020/10/2,3460,27.6,69,5,0
641,2020/10/3,3418,28,69,6,0
642,2020/10/4,3591,28.5,65,7,0
643,2020/10/5,4539,27.4,68,1,1
644,2020/10/6,4239,26.1,65,2,1
645,2020/10/7,4100,25.3,65,3,1
646,2020/10/8,4718,26,61,4,1
647,2020/10/9,4310,25.8,64,5,0
648,2020/10/10,3295,26,68,6,0
649,2020/10/11,3088,26.7,73,7,0
650,2020/10/12,3361,28,73,1,1
651,2020/10/13,3465,27.8,73,2,1
652,2020/10/14,3992,27.8,72,3,1
653,2020/10/15,3926,27.4,71,4,1
654,2020/10/16,3801,27.3,71,5,1
655,2020/10/17,4087,25.9,70,6,0
656,2020/10/18,3946,25.4,71,7,0
657,2020/10/19,4505,25.5,70,1,1
658,2020/10/20,4244,26.1,70,2,1
659,2020/10/21,3309,26.3,75,3,1
660,2020/10/22,4341,24.1,75,4,1
661,2020/10/23,4003,20.9,76,5,1
662,2020/10/24,3892,23.7,68,6,0
663,2020/10/25,4025,25.3,70,7,0
664,2020/10/26,3503,25.8,70,1,1
665,2020/10/27,3402,26.5,71,2,1
666,2020/10/28,3470,26.4,72,3,1
667,2020/10/29,3707,25.6,72,4,1
668,2020/10/30,4215,24.6,66,5,1
669,2020/10/31,3719,23.7,63,6,0
670,2020/11/1,3569,24.4,71,7,0
671,2020/11/2,3523,24.4,71,1,1
672,2020/11/3,3189,23.5,66,2,1
673,2020/11/4,3551,23.1,64,3,1
674,2020/11/5,3319,24,69,4,1
675,2020/11/6,3263,24.6,77,5,1
676,2020/11/7,3199,25.3,79,6,0
677,2020/11/8,3928,22.2,74,7,0
678,2020/11/9,4080,21.4,70,1,1
679,2020/11/10,3590,21.3,73,2,1
680,2020/11/11,3708,22.8,67,3,1
681,2020/11/12,3190,24,69,4,1
682,2020/11/13,3373,23.2,76,5,1
683,2020/11/14,3364,23.5,77,6,0
684,2020/11/15,3463,24.2,74,7,0
685,2020/11/16,3147,24.9,76,1,1
686,2020/11/17,3202,25,74,2,1
687,2020/11/18,3361,24.9,73,3,1
688,2020/11/19,3314,25.7,70,4,1
689,2020/11/20,3643,26.4,72,5,1
690,2020/11/21,2928,27,70,6,0
691,2020/11/22,2765,25.2,75,7,0
692,2020/11/23,3144,24.7,70,1,1
693,2020/11/24,3134,24.3,72,2,1
694,2020/11/25,3306,24.1,75,3,1
695,2020/11/26,3144,24.3,75,4,1
696,2020/11/27,3495,22.9,74,5,1
697,2020/11/28,2977,22,72,6,0
698,2020/11/29,3287,21.6,71,7,0
699,2020/11/30,3320,21.4,71,1,1
700,2020/12/1,3237,21.8,71,2,1
701,2020/12/2,3050,21.6,70,3,1
702,2020/12/3,3168,19,71,4,1
703,2020/12/4,3084,19.3,73,5,1
704,2020/12/5,3618,20.3,72,6,0
705,2020/12/6,2691,21.2,76,7,0
706,2020/12/7,3106,21.9,77,1,1
707,2020/12/8,3164,20.5,77,2,1
708,2020/12/9,3094,19.3,86,3,1
709,2020/12/10,3086,21.7,82,4,1
710,2020/12/11,3129,21.6,82,5,1
711,2020/12/12,3282,21.6,76,6,0
712,2020/12/13,2830,20.7,77,7,0
713,2020/12/14,3022,19.3,78,1,1
714,2020/12/15,3012,18.2,76,2,1
715,2020/12/16,3020,18.3,76,3,1
716,2020/12/17,3000,19,74,4,1
717,2020/12/18,3047,19.5,80,5,1
718,2020/12/19,3047,18.5,77,6,0
719,2020/12/20,3616,18.4,74,7,0
720,2020/12/21,3072,17.4,81,1,1
721,2020/12/22,3199,19.5,79,2,1
722,2020/12/23,3076,18.7,87,3,1
723,2020/12/24,3545,18.8,84,4,1
724,2020/12/25,3418,18.8,75,5,1
725,2020/12/26,3066,20.1,75,6,0
726,2020/12/27,2869,20.3,77,7,0
727,2020/12/28,3135,21.5,76,1,1
728,2020/12/29,3094,21.8,78,2,1
729,2020/12/30,3118,14.6,72,3,1
730,2020/12/31,3154,10.5,71,4,1
731,2021/1/1,2767,13.7,61,5,0
732,2021/1/2,2936,15.2,68,6,0
733,2021/1/3,3037,16.6,74,7,0
734,2021/1/4,3032,17.4,83,1,1
735,2021/1/5,3067,18.2,76,2,1
736,2021/1/6,3102,16.2,79,3,1
737,2021/1/7,3102,13.8,78,4,1
738,2021/1/8,3105,9.1,70,5,1
739,2021/1/9,3202,10.4,55,6,0
740,2021/1/10,2906,13.5,59,7,0
741,2021/1/11,3093,12,82,1,1
742,2021/1/12,3116,11.1,67,2,1
743,2021/1/13,3114,13.1,65,3,1
744,2021/1/14,3132,14.5,65,4,1
745,2021/1/15,3310,15.4,71,5,1
746,2021/1/16,3046,16.5,71,6,0
747,2021/1/17,3035,15.4,63,7,0
748,2021/1/18,3157,14.8,66,1,1
749,2021/1/19,3159,16.4,67,2,1
750,2021/1/20,3149,17.6,76,3,1
751,2021/1/21,3074,21.1,75,4,1
752,2021/1/22,3097,21.2,83,5,1
753,2021/1/23,3203,20.6,81,6,0
754,2021/1/24,3073,18.7,74,7,0
755,2021/1/25,3269,19,71,1,1
756,2021/1/26,3219,18.2,75,2,1
757,2021/1/27,3064,17.8,80,3,1
758,2021/1/28,3286,16.4,75,4,1
759,2021/1/29,3203,16.7,55,5,1
760,2021/1/30,3447,16.9,69,6,0
761,2021/1/31,2906,17.4,65,7,0
762,2021/2/1,2938,17.8,57,1,1
763,2021/2/2,3045,18.7,61,2,1
764,2021/2/3,3006,18.2,71,3,1
765,2021/2/4,3132,18.5,71,4,1
766,2021/2/5,3060,19,72,5,1
767,2021/2/6,3066,19.4,67,6,0
768,2021/2/7,2763,19.1,75,7,0
769,2021/2/8,3047,19.8,71,1,1
770,2021/2/9,2880,19.7,66,2,1
771,2021/2/10,2888,19.1,79,3,0
772,2021/2/11,2833,17.3,92,4,0
773,2021/2/12,2992,18.5,85,5,0
774,2021/2/13,3024,20.4,78,6,0
775,2021/2/14,2911,19.4,81,7,0
776,2021/2/15,2645,19.5,73,1,0
777,2021/2/16,3002,20.4,69,2,0
778,2021/2/17,2824,18.1,63,3,1
779,2021/2/18,2907,16.6,46,4,1
780,2021/2/19,2885,16.5,59,5,1
781,2021/2/20,2975,16.3,64,6,0
782,2021/2/21,3139,17.7,52,7,0
783,2021/2/22,2989,19.2,55,1,1
784,2021/2/23,3109,20.1,71,2,1
785,2021/2/24,3049,20,80,3,1
786,2021/2/25,3029,21.4,77,4,1
787,2021/2/26,3041,22.1,73,5,1
788,2021/2/27,2758,18.7,78,6,0
789,2021/2/28,2672,20.7,72,7,0
790,2021/3/1,2832,22.7,70,1,0
791,2021/3/2,3221,19.5,70,2,1
792,2021/3/3,3075,17.5,75,3,1
793,2021/3/4,3088,19.6,78,4,1
794,2021/3/5,3268,21.8,77,5,1
795,2021/3/6,2805,21,79,6,0
796,2021/3/7,2752,18.7,84,7,0
797,2021/3/8,3110,19.4,78,1,1
798,2021/3/9,3048,20.1,78,2,1
799,2021/3/10,3055,20.9,76,3,1
800,2021/3/11,3077,21.4,73,4,1
801,2021/3/12,3272,22.7,70,5,1
802,2021/3/13,3075,21.1,68,6,0
803,2021/3/14,2933,21.1,68,7,0
804,2021/3/15,3074,21.8,67,1,1
805,2021/3/16,3087,24.3,59,2,1
806,2021/3/17,3183,24,67,3,1
807,2021/3/18,3214,23.4,71,4,1
808,2021/3/19,3137,23.4,72,5,1
809,2021/3/20,2839,23.4,72,6,0
810,2021/3/21,3186,0,0,7,0